START,STOP,PATIENT,ENCOUNTER,CODE,DESCRIPTION
2014-05-22,2014-06-01,c1f1fcaa-82fd-d5b7-3544-c8f9708b06a8,c62c5011-a457-f2c1-2582-54b901eecf94,444814009,Viral sinusitis (disorder)
2021-08-09,2021-08-09,b9c610cd-28a6-4636-ccb6-c7a0d2a4cb85,7f6dd104-a5b2-1093-5fe7-1df136814d67,91861009,Acute myeloid leukemia  disease (disorder)
2015-01-10,2015-01-24,c1f1fcaa-82fd-d5b7-3544-c8f9708b06a8,103d975b-cdee-7c4a-8d6f-5520f4cea132,43878008,Streptococcal sore throat (disorder)
2021-08-09,2021-08-09,b9c610cd-28a6-4636-ccb6-c7a0d2a4cb85,e885e585-d3d0-c8bf-fba8-fc1aa1803d49,47318007,Neutropenia (disorder)
2015-01-30,2015-02-27,c1f1fcaa-82fd-d5b7-3544-c8f9708b06a8,4a9f4dcc-a555-c251-99b5-b84121a4c3e7,44465007,Sprain of ankle
2015-05-09,2015-05-29,c1f1fcaa-82fd-d5b7-3544-c8f9708b06a8,92c9af90-75f0-2faf-e3a1-1aa60b9d72f1,10509002,Acute bronchitis (disorder)
2017-10-22,2017-11-18,c1f1fcaa-82fd-d5b7-3544-c8f9708b06a8,3a1ba129-17af-5ad4-174d-8a0d618b2c13,444814009,Viral sinusitis (disorder)
2020-01-26,2021-01-31,c1f1fcaa-82fd-d5b7-3544-c8f9708b06a8,f51b6177-7c0a-7fef-6697-854ca54aa4ad,160968000,Risk activity involvement (finding)
2020-04-29,2020-05-27,c1f1fcaa-82fd-d5b7-3544-c8f9708b06a8,84a31cd2-3838-1c58-cbec-0e53fad16780,39848009,Whiplash injury to neck
2015-01-05,2015-03-22,339144f8-50e1-633e-a013-f361391c4cff,72ff3d13-2047-e0c2-52e3-3c34bad9f821,33737001,Fracture of rib
2015-10-28,2015-10-28,339144f8-50e1-633e-a013-f361391c4cff,bdc1ae2e-c78d-f296-af35-d6b78c7bf3d7,91861009,Acute myeloid leukemia  disease (disorder)
2015-10-28,2015-10-28,339144f8-50e1-633e-a013-f361391c4cff,907a1393-b3dc-276f-5351-23ee717c02f4,47318007,Neutropenia (disorder)
2022-04-26,,b9c610cd-28a6-4636-ccb6-c7a0d2a4cb85,abd5600e-4661-6fad-d41f-5cd606565d06,65363002,Otitis media
2003-06-28,2004-07-03,23d16ee3-8cd4-eeb8-e77e-1e5fbf4c4159,050df7fe-56ad-d28b-e633-6088d58f94b9,160968000,Risk activity involvement (finding)
2006-07-15,,23d16ee3-8cd4-eeb8-e77e-1e5fbf4c4159,78e4b858-7107-035d-0e37-b70a29321fe2,160968000,Risk activity involvement (finding)
2009-08-01,,23d16ee3-8cd4-eeb8-e77e-1e5fbf4c4159,80e26800-5b58-a456-3f4a-79d6a72ff7cd,5251000175109,Received certificate of high school equivalency (finding)
2010-08-07,2010-08-21,23d16ee3-8cd4-eeb8-e77e-1e5fbf4c4159,59e44425-2ea7-2011-8e74-d3a6c16ca7de,160903007,Full-time employment (finding)
2010-08-21,2013-08-10,23d16ee3-8cd4-eeb8-e77e-1e5fbf4c4159,d0d3f3ae-c8bb-6ccb-8bb3-fbdd91f2060a,160903007,Full-time employment (finding)
2013-08-10,2016-08-13,23d16ee3-8cd4-eeb8-e77e-1e5fbf4c4159,0d224f29-635f-d2dd-81db-4fbe2216a688,160903007,Full-time employment (finding)
2013-08-10,2019-06-08,23d16ee3-8cd4-eeb8-e77e-1e5fbf4c4159,0d224f29-635f-d2dd-81db-4fbe2216a688,423315002,Limited social contact (finding)
2016-11-27,2017-01-13,339144f8-50e1-633e-a013-f361391c4cff,00694007-e50b-500f-05d1-125302006400,36971009,Sinusitis (disorder)
2016-01-28,2016-02-16,23d16ee3-8cd4-eeb8-e77e-1e5fbf4c4159,1341b9f8-fb52-4c37-9920-9d28921b92d0,283371005,Laceration of forearm
2016-12-25,,339144f8-50e1-633e-a013-f361391c4cff,21a5862d-673e-613d-83b9-21b47a83ee3d,105531004,Housing unsatisfactory (finding)
2016-12-25,,339144f8-50e1-633e-a013-f361391c4cff,21a5862d-673e-613d-83b9-21b47a83ee3d,5251000175109,Received certificate of high school equivalency (finding)
2016-12-25,2017-12-31,339144f8-50e1-633e-a013-f361391c4cff,21a5862d-673e-613d-83b9-21b47a83ee3d,160903007,Full-time employment (finding)
2016-12-25,,339144f8-50e1-633e-a013-f361391c4cff,21a5862d-673e-613d-83b9-21b47a83ee3d,423315002,Limited social contact (finding)
2016-12-25,,339144f8-50e1-633e-a013-f361391c4cff,21a5862d-673e-613d-83b9-21b47a83ee3d,73595000,Stress (finding)
2016-12-25,,339144f8-50e1-633e-a013-f361391c4cff,21a5862d-673e-613d-83b9-21b47a83ee3d,446654005,Refugee (person)
2017-01-06,,339144f8-50e1-633e-a013-f361391c4cff,37c471f9-2390-7dd6-4292-5fb4424db625,40055000,Chronic sinusitis (disorder)
2016-08-13,2019-06-08,23d16ee3-8cd4-eeb8-e77e-1e5fbf4c4159,1dcf821c-2ef2-3653-62de-c042dda3bf95,160903007,Full-time employment (finding)
2016-08-13,2019-06-08,23d16ee3-8cd4-eeb8-e77e-1e5fbf4c4159,1dcf821c-2ef2-3653-62de-c042dda3bf95,73595000,Stress (finding)
2016-08-13,2019-06-08,23d16ee3-8cd4-eeb8-e77e-1e5fbf4c4159,1dcf821c-2ef2-3653-62de-c042dda3bf95,424393004,Reports of violence in the environment (finding)
2016-08-13,,23d16ee3-8cd4-eeb8-e77e-1e5fbf4c4159,1dcf821c-2ef2-3653-62de-c042dda3bf95,706893006,Victim of intimate partner abuse (finding)
2018-11-19,2018-12-01,23d16ee3-8cd4-eeb8-e77e-1e5fbf4c4159,5935fc75-72eb-7797-d8a2-44927b258e22,444814009,Viral sinusitis (disorder)
2019-06-02,2019-06-14,23d16ee3-8cd4-eeb8-e77e-1e5fbf4c4159,c3702811-3edc-1839-0c8b-d1e31fe9adf2,10509002,Acute bronchitis (disorder)
2019-06-08,2019-08-17,23d16ee3-8cd4-eeb8-e77e-1e5fbf4c4159,c3702811-3edc-1839-0c8b-d1e31fe9adf2,160903007,Full-time employment (finding)
2019-06-08,2019-08-17,23d16ee3-8cd4-eeb8-e77e-1e5fbf4c4159,c3702811-3edc-1839-0c8b-d1e31fe9adf2,10939881000119104,Unhealthy alcohol drinking behavior (finding)
2017-12-31,2021-01-03,339144f8-50e1-633e-a013-f361391c4cff,0541c3c5-ba57-5843-6a4d-bf6d80db6e42,160903007,Full-time employment (finding)
2021-01-03,,339144f8-50e1-633e-a013-f361391c4cff,4bf793e9-d558-35d5-9e6c-b738bf7af233,160903007,Full-time employment (finding)
2019-08-17,,23d16ee3-8cd4-eeb8-e77e-1e5fbf4c4159,a3ae1f31-dc06-c666-7b0d-402a956df2c4,160903007,Full-time employment (finding)
2019-08-17,,23d16ee3-8cd4-eeb8-e77e-1e5fbf4c4159,a3ae1f31-dc06-c666-7b0d-402a956df2c4,422650009,Social isolation (finding)
2021-10-12,2021-10-21,23d16ee3-8cd4-eeb8-e77e-1e5fbf4c4159,39dc5434-65ed-5002-d4c8-161d7ec71fe9,195662009,Acute viral pharyngitis (disorder)
2012-08-08,,217f95a3-4e10-bd5d-fb67-0cfb5e8ba075,97380c3e-d668-d56f-0940-f33edd759a88,224299000,Received higher education (finding)
2012-08-08,2013-08-14,217f95a3-4e10-bd5d-fb67-0cfb5e8ba075,97380c3e-d668-d56f-0940-f33edd759a88,160904001,Part-time employment (finding)
2012-08-08,2013-08-14,217f95a3-4e10-bd5d-fb67-0cfb5e8ba075,97380c3e-d668-d56f-0940-f33edd759a88,73595000,Stress (finding)
2013-08-14,2016-08-17,217f95a3-4e10-bd5d-fb67-0cfb5e8ba075,a67159ab-2d5b-68de-e4fe-2b0ddf52bea6,160903007,Full-time employment (finding)
2016-08-17,2019-08-21,217f95a3-4e10-bd5d-fb67-0cfb5e8ba075,c22a4bcd-ddf2-c25e-a092-083bad9dc54e,160903007,Full-time employment (finding)
2016-08-17,2019-11-27,217f95a3-4e10-bd5d-fb67-0cfb5e8ba075,c22a4bcd-ddf2-c25e-a092-083bad9dc54e,422650009,Social isolation (finding)
2016-08-17,2019-08-21,217f95a3-4e10-bd5d-fb67-0cfb5e8ba075,c22a4bcd-ddf2-c25e-a092-083bad9dc54e,73595000,Stress (finding)
2016-08-18,2019-08-21,217f95a3-4e10-bd5d-fb67-0cfb5e8ba075,c22a4bcd-ddf2-c25e-a092-083bad9dc54e,80583007,Severe anxiety (panic) (finding
2018-08-03,2018-09-26,217f95a3-4e10-bd5d-fb67-0cfb5e8ba075,26fe1b15-6ad2-603d-bbd0-f3eb5af2452d,30832001,Rupture of patellar tendon
2018-10-14,2018-11-06,217f95a3-4e10-bd5d-fb67-0cfb5e8ba075,763d9b26-308f-964f-eadc-307974ca313f,444814009,Viral sinusitis (disorder)
2019-08-21,2019-11-27,217f95a3-4e10-bd5d-fb67-0cfb5e8ba075,b322b513-e848-eb24-f814-b39e54d196cf,741062008,Not in labor force (finding)
2019-11-21,2019-11-28,217f95a3-4e10-bd5d-fb67-0cfb5e8ba075,6224026b-47f8-aab3-5a0e-7046a46f4325,10509002,Acute bronchitis (disorder)
2019-11-27,,217f95a3-4e10-bd5d-fb67-0cfb5e8ba075,6224026b-47f8-aab3-5a0e-7046a46f4325,160903007,Full-time employment (finding)
2019-11-27,,217f95a3-4e10-bd5d-fb67-0cfb5e8ba075,6224026b-47f8-aab3-5a0e-7046a46f4325,73595000,Stress (finding)
2002-01-09,,aade3c61-92bd-d079-9d28-0b2b7fde0fbb,722ecec4-8e7c-3674-08f1-9f8aedb3dea3,160968000,Risk activity involvement (finding)
2004-01-21,,aade3c61-92bd-d079-9d28-0b2b7fde0fbb,88935b5b-9b80-72f6-ee76-4036b7f32b24,224299000,Received higher education (finding)
2004-01-21,2005-01-26,aade3c61-92bd-d079-9d28-0b2b7fde0fbb,88935b5b-9b80-72f6-ee76-4036b7f32b24,160903007,Full-time employment (finding)
2004-01-21,,aade3c61-92bd-d079-9d28-0b2b7fde0fbb,88935b5b-9b80-72f6-ee76-4036b7f32b24,422650009,Social isolation (finding)
2005-01-26,,aade3c61-92bd-d079-9d28-0b2b7fde0fbb,5392554b-ab44-12b0-6e6a-637c30911e5f,15777000,Prediabetes
2005-01-26,,aade3c61-92bd-d079-9d28-0b2b7fde0fbb,5392554b-ab44-12b0-6e6a-637c30911e5f,271737000,Anemia (disorder)
2005-01-26,2014-02-05,aade3c61-92bd-d079-9d28-0b2b7fde0fbb,91a4cd55-509e-52ff-e364-5995dc9c4b94,423315002,Limited social contact (finding)
2008-01-30,2008-03-19,aade3c61-92bd-d079-9d28-0b2b7fde0fbb,85544f6f-74d5-f17d-786f-18139e7475b0,160903007,Full-time employment (finding)
2008-03-19,2011-02-02,aade3c61-92bd-d079-9d28-0b2b7fde0fbb,2ecfd4a7-945d-ebbb-348a-adac359afb81,160903007,Full-time employment (finding)
2011-02-02,2014-02-05,aade3c61-92bd-d079-9d28-0b2b7fde0fbb,f151e9ca-bdb3-01a8-1ea0-5ce95d7eead9,160903007,Full-time employment (finding)
2011-02-02,2014-02-05,aade3c61-92bd-d079-9d28-0b2b7fde0fbb,f151e9ca-bdb3-01a8-1ea0-5ce95d7eead9,73595000,Stress (finding)
2011-02-02,2014-02-05,aade3c61-92bd-d079-9d28-0b2b7fde0fbb,f151e9ca-bdb3-01a8-1ea0-5ce95d7eead9,10939881000119104,Unhealthy alcohol drinking behavior (finding)
2014-02-05,2017-02-08,aade3c61-92bd-d079-9d28-0b2b7fde0fbb,2ea14917-5408-40c3-7b35-26b712d76a50,160904001,Part-time employment (finding)
2017-02-08,2020-02-12,aade3c61-92bd-d079-9d28-0b2b7fde0fbb,f2219928-f07e-a0a9-1d99-abd2aba40a87,160903007,Full-time employment (finding)
2017-02-08,2020-02-12,aade3c61-92bd-d079-9d28-0b2b7fde0fbb,f2219928-f07e-a0a9-1d99-abd2aba40a87,423315002,Limited social contact (finding)
2017-12-16,2017-12-29,aade3c61-92bd-d079-9d28-0b2b7fde0fbb,3cf8bb17-5a02-26fe-7cfc-95ad4b6a99f6,444814009,Viral sinusitis (disorder)
2020-02-12,,aade3c61-92bd-d079-9d28-0b2b7fde0fbb,77175e07-278d-e41e-0a91-99e9793b3aa1,160903007,Full-time employment (finding)
2008-04-11,,d488232e-bf14-4bed-08c0-a82f34b6a197,21f9a12f-4489-b941-fdd9-7463aff9cc46,233678006,Childhood asthma
2008-12-13,,d488232e-bf14-4bed-08c0-a82f34b6a197,3fc04b65-688b-d03f-ca18-d13f9df6ef1c,367498001,Seasonal allergic rhinitis
2012-11-15,2012-11-27,d488232e-bf14-4bed-08c0-a82f34b6a197,0b7eae7c-1843-1bad-4a6d-74a78961183e,43878008,Streptococcal sore throat (disorder)
2013-08-26,2013-09-18,d488232e-bf14-4bed-08c0-a82f34b6a197,da63a701-0e12-e1a6-dc18-41b1ebbbb356,444814009,Viral sinusitis (disorder)
2014-07-23,2014-08-05,d488232e-bf14-4bed-08c0-a82f34b6a197,6ec90f03-fd98-c45c-fe71-11740e4ad112,195662009,Acute viral pharyngitis (disorder)
2015-03-08,2015-03-16,d488232e-bf14-4bed-08c0-a82f34b6a197,7095b3f3-cf6f-4a40-e849-1df9f9eabae6,43878008,Streptococcal sore throat (disorder)
2016-08-15,,d488232e-bf14-4bed-08c0-a82f34b6a197,08fd035b-f5bb-105a-1e01-198b0730f421,160968000,Risk activity involvement (finding)
2017-06-05,2017-06-26,d488232e-bf14-4bed-08c0-a82f34b6a197,df4d6b0e-07b0-138a-9c45-3af1c61c6210,75498004,Acute bacterial sinusitis (disorder)
1984-06-18,1986-06-30,c0219ca9-576f-f7c2-9c44-de030e94969b,790f7f16-659a-2906-2014-3079d8619ba4,160968000,Risk activity involvement (finding)
1989-07-17,,c0219ca9-576f-f7c2-9c44-de030e94969b,fd62e8bd-298d-cd31-564d-6d4ad5395c13,160968000,Risk activity involvement (finding)
1990-07-23,,c0219ca9-576f-f7c2-9c44-de030e94969b,0dd2cbf4-28b5-bd8e-406c-8c5b4518c5a0,224299000,Received higher education (finding)
1990-07-23,1991-07-29,c0219ca9-576f-f7c2-9c44-de030e94969b,0dd2cbf4-28b5-bd8e-406c-8c5b4518c5a0,160903007,Full-time employment (finding)
1990-07-23,1994-08-01,c0219ca9-576f-f7c2-9c44-de030e94969b,0dd2cbf4-28b5-bd8e-406c-8c5b4518c5a0,73595000,Stress (finding)
1991-07-29,1994-08-01,c0219ca9-576f-f7c2-9c44-de030e94969b,111e7c3a-3f00-72ea-bf23-ef88f393b231,160903007,Full-time employment (finding)
1994-08-01,1997-08-04,c0219ca9-576f-f7c2-9c44-de030e94969b,99616ef4-75d1-1fa2-fcd1-68ee41e398c4,160903007,Full-time employment (finding)
2000-08-07,2002-02-11,c0219ca9-576f-f7c2-9c44-de030e94969b,322ac013-d015-6e22-13f8-d81f281da486,160903007,Full-time employment (finding)
2000-08-07,2002-02-11,c0219ca9-576f-f7c2-9c44-de030e94969b,322ac013-d015-6e22-13f8-d81f281da486,73595000,Stress (finding)
2002-02-11,2003-08-11,c0219ca9-576f-f7c2-9c44-de030e94969b,674deaf6-17da-5acc-d10a-b33934bf4cd1,160903007,Full-time employment (finding)
2002-02-11,,c0219ca9-576f-f7c2-9c44-de030e94969b,674deaf6-17da-5acc-d10a-b33934bf4cd1,706893006,Victim of intimate partner abuse (finding)
2003-08-11,2009-08-17,c0219ca9-576f-f7c2-9c44-de030e94969b,db018e6a-ca8f-71ca-d59b-d298d7a583fc,73595000,Stress (finding)
2006-08-14,2009-08-17,c0219ca9-576f-f7c2-9c44-de030e94969b,8992974f-7c9a-94ba-d22b-0fbad347648a,160903007,Full-time employment (finding)
2009-08-17,2011-09-05,c0219ca9-576f-f7c2-9c44-de030e94969b,93273c95-b67e-3c6c-89a0-36f81e496e9c,160903007,Full-time employment (finding)
2011-09-05,,c0219ca9-576f-f7c2-9c44-de030e94969b,ca3a65fc-7b90-0e34-63f1-098bd66ab96d,162864005,Body mass index 30+ - obesity (finding)
2011-09-05,2012-06-04,c0219ca9-576f-f7c2-9c44-de030e94969b,ca3a65fc-7b90-0e34-63f1-098bd66ab96d,160903007,Full-time employment (finding)
2011-12-19,2012-07-30,c0219ca9-576f-f7c2-9c44-de030e94969b,a4089f1d-26ab-58a4-2fda-c8dc492cfe31,72892002,Normal pregnancy
2012-06-04,2014-06-09,c0219ca9-576f-f7c2-9c44-de030e94969b,3593bd33-6252-f4ee-caab-908fb5b57f03,160903007,Full-time employment (finding)
2012-06-04,2014-06-09,c0219ca9-576f-f7c2-9c44-de030e94969b,3593bd33-6252-f4ee-caab-908fb5b57f03,73595000,Stress (finding)
2012-07-02,2012-07-30,c0219ca9-576f-f7c2-9c44-de030e94969b,168ecb79-8229-47bf-a36d-83ede1d0dce4,198992004,Antepartum eclampsia
1995-07-17,,0288c42c-43a1-9878-4a9d-6b96caa12c40,70f35192-c4df-5201-bd3e-46d5e23537a4,160968000,Risk activity involvement (finding)
1998-08-03,,0288c42c-43a1-9878-4a9d-6b96caa12c40,a335a1fb-6406-84ce-b84e-ec8743c44468,59621000,Hypertension
1998-08-03,,0288c42c-43a1-9878-4a9d-6b96caa12c40,a335a1fb-6406-84ce-b84e-ec8743c44468,224299000,Received higher education (finding)
2000-08-14,2004-09-06,0288c42c-43a1-9878-4a9d-6b96caa12c40,68c797ea-e268-eb45-9405-384de6fa707c,423315002,Limited social contact (finding)
2014-06-09,2016-06-13,c0219ca9-576f-f7c2-9c44-de030e94969b,d85abdd9-a7e2-0400-558a-b85c5a23c109,160903007,Full-time employment (finding)
2001-08-20,2002-08-26,0288c42c-43a1-9878-4a9d-6b96caa12c40,0c68b62a-423b-be57-5d4d-4955f816eeb2,741062008,Not in labor force (finding)
2001-08-20,2006-09-18,0288c42c-43a1-9878-4a9d-6b96caa12c40,0c68b62a-423b-be57-5d4d-4955f816eeb2,706893006,Victim of intimate partner abuse (finding)
2004-09-06,2005-09-12,0288c42c-43a1-9878-4a9d-6b96caa12c40,6fa4973e-50cc-7157-01ca-7cead57fb958,741062008,Not in labor force (finding)
2005-09-12,2007-09-24,0288c42c-43a1-9878-4a9d-6b96caa12c40,8eeec51f-0419-ba1e-479b-d2e5db3752f9,423315002,Limited social contact (finding)
2008-09-29,2012-10-22,0288c42c-43a1-9878-4a9d-6b96caa12c40,9960d35c-b6de-d46c-ae99-93a52b945dd0,422650009,Social isolation (finding)
2009-10-05,2015-11-09,0288c42c-43a1-9878-4a9d-6b96caa12c40,bcbb6581-3c1c-993e-0f49-118e0b8f4227,73595000,Stress (finding)
2011-10-17,2012-10-22,0288c42c-43a1-9878-4a9d-6b96caa12c40,aae55d5d-bfd0-26ff-4502-7b905d4faf21,160903007,Full-time employment (finding)
2016-06-13,2018-06-25,c0219ca9-576f-f7c2-9c44-de030e94969b,37e903b8-bef5-6446-d091-5d8c618e4286,160903007,Full-time employment (finding)
2016-06-13,,c0219ca9-576f-f7c2-9c44-de030e94969b,37e903b8-bef5-6446-d091-5d8c618e4286,73595000,Stress (finding)
2012-10-22,2013-10-28,0288c42c-43a1-9878-4a9d-6b96caa12c40,4a4bc2d9-aaa8-5e24-e62f-b0070d4550f9,160903007,Full-time employment (finding)
2018-06-25,2020-06-29,c0219ca9-576f-f7c2-9c44-de030e94969b,d75f9c4a-90e7-9daa-4b26-905a857764fb,160903007,Full-time employment (finding)
2018-07-04,2018-07-18,c0219ca9-576f-f7c2-9c44-de030e94969b,c255dca8-e5f5-5fef-40e2-30408607d2a3,301011002,Escherichia coli urinary tract infection
2019-06-10,2019-06-22,c0219ca9-576f-f7c2-9c44-de030e94969b,80d696d8-940d-b33d-3772-8d7d642cf72c,43878008,Streptococcal sore throat (disorder)
2020-06-29,,c0219ca9-576f-f7c2-9c44-de030e94969b,2f8b49c5-9f29-2437-5539-e7315faf4c29,160903007,Full-time employment (finding)
2013-10-28,2014-11-03,0288c42c-43a1-9878-4a9d-6b96caa12c40,1411f9bf-a6fd-6d67-1e97-6ecdb1070e7e,741062008,Not in labor force (finding)
2013-10-28,2020-12-07,0288c42c-43a1-9878-4a9d-6b96caa12c40,1411f9bf-a6fd-6d67-1e97-6ecdb1070e7e,423315002,Limited social contact (finding)
2014-11-03,2015-11-09,0288c42c-43a1-9878-4a9d-6b96caa12c40,eef27817-e858-d045-0514-9cdc8d241193,160903007,Full-time employment (finding)
2015-11-09,2016-11-14,0288c42c-43a1-9878-4a9d-6b96caa12c40,a735881c-9683-b4c0-dce1-cee298da82be,160903007,Full-time employment (finding)
2016-11-14,2017-11-20,0288c42c-43a1-9878-4a9d-6b96caa12c40,247ec4bf-85e2-c4e0-1ac1-0078cb8a717d,160903007,Full-time employment (finding)
2016-11-14,2017-11-20,0288c42c-43a1-9878-4a9d-6b96caa12c40,247ec4bf-85e2-c4e0-1ac1-0078cb8a717d,706893006,Victim of intimate partner abuse (finding)
2017-11-20,2018-11-26,0288c42c-43a1-9878-4a9d-6b96caa12c40,8eada147-9196-eb7b-2b29-91328dff6fe3,160904001,Part-time employment (finding)
2017-11-20,2019-12-02,0288c42c-43a1-9878-4a9d-6b96caa12c40,8eada147-9196-eb7b-2b29-91328dff6fe3,73595000,Stress (finding)
2018-11-26,2019-12-02,0288c42c-43a1-9878-4a9d-6b96caa12c40,6ada0c45-0015-13b1-6627-dda6b2f52aca,160903007,Full-time employment (finding)
2019-12-02,2020-12-07,0288c42c-43a1-9878-4a9d-6b96caa12c40,c599a2f6-75b8-a848-6e3b-281917c76e87,160903007,Full-time employment (finding)
2020-03-03,2020-03-23,0288c42c-43a1-9878-4a9d-6b96caa12c40,e627c623-8f39-82e4-3546-f1527ee84f51,370247008,Facial laceration
2020-12-07,2021-12-13,0288c42c-43a1-9878-4a9d-6b96caa12c40,15e374a3-8d13-8058-c956-32ea5676720e,160904001,Part-time employment (finding)
2020-12-07,2021-12-13,0288c42c-43a1-9878-4a9d-6b96caa12c40,15e374a3-8d13-8058-c956-32ea5676720e,73595000,Stress (finding)
2021-09-13,,d488232e-bf14-4bed-08c0-a82f34b6a197,9a1f4869-90de-6b09-f533-8e471a19b648,224299000,Received higher education (finding)
2021-09-13,,d488232e-bf14-4bed-08c0-a82f34b6a197,9a1f4869-90de-6b09-f533-8e471a19b648,160903007,Full-time employment (finding)
2021-09-13,,d488232e-bf14-4bed-08c0-a82f34b6a197,9a1f4869-90de-6b09-f533-8e471a19b648,424393004,Reports of violence in the environment (finding)
2021-12-13,,0288c42c-43a1-9878-4a9d-6b96caa12c40,e876e0b9-f1a0-0746-1f1b-c672398f9fa4,162864005,Body mass index 30+ - obesity (finding)
2021-12-13,,0288c42c-43a1-9878-4a9d-6b96caa12c40,e876e0b9-f1a0-0746-1f1b-c672398f9fa4,741062008,Not in labor force (finding)
2021-12-13,,0288c42c-43a1-9878-4a9d-6b96caa12c40,e876e0b9-f1a0-0746-1f1b-c672398f9fa4,423315002,Limited social contact (finding)
2021-12-13,,0288c42c-43a1-9878-4a9d-6b96caa12c40,e876e0b9-f1a0-0746-1f1b-c672398f9fa4,706893006,Victim of intimate partner abuse (finding)
1996-02-16,,61a2fcc0-d679-764c-7d86-b885b2c4907f,a0a649ac-d8d3-2ea2-817d-d8ae9d15afc1,40055000,Chronic sinusitis (disorder)
1997-06-19,,61a2fcc0-d679-764c-7d86-b885b2c4907f,7735cd34-c76e-db87-a818-87d484c89bce,53741008,Coronary Heart Disease
2011-09-08,,61a2fcc0-d679-764c-7d86-b885b2c4907f,4290e620-63fc-a112-49bd-18b6fe705d93,5251000175109,Received certificate of high school equivalency (finding)
2011-09-08,,61a2fcc0-d679-764c-7d86-b885b2c4907f,4290e620-63fc-a112-49bd-18b6fe705d93,73438004,Unemployed (finding)
2012-09-13,2017-10-12,61a2fcc0-d679-764c-7d86-b885b2c4907f,7e4b4b4b-7b50-394b-7c26-d7579f003404,423315002,Limited social contact (finding)
2013-09-19,2014-09-25,61a2fcc0-d679-764c-7d86-b885b2c4907f,bbb4d1a6-d8bb-17ef-fcd3-44cf3f50a780,73595000,Stress (finding)
2015-10-01,2017-10-12,61a2fcc0-d679-764c-7d86-b885b2c4907f,84a4567c-f404-1886-01a7-c9702aaa7134,73595000,Stress (finding)
2015-10-01,2016-10-06,61a2fcc0-d679-764c-7d86-b885b2c4907f,84a4567c-f404-1886-01a7-c9702aaa7134,361055000,Misuses drugs (finding)
2018-10-18,2021-11-04,61a2fcc0-d679-764c-7d86-b885b2c4907f,bc20fe7c-84a4-673a-0475-d18f30a45982,423315002,Limited social contact (finding)
2019-01-03,2019-01-29,61a2fcc0-d679-764c-7d86-b885b2c4907f,1b2a05ec-7780-8b9e-dd78-5c3280a69876,72892002,Normal pregnancy
2019-09-12,2020-04-16,61a2fcc0-d679-764c-7d86-b885b2c4907f,906d1a83-9038-b16f-49e4-fc4bc1c8b747,72892002,Normal pregnancy
2019-10-24,,61a2fcc0-d679-764c-7d86-b885b2c4907f,a1c89171-497f-f5ed-d6a1-fdce8c11732a,73595000,Stress (finding)
